image_path,person_id,label,split
train/031/05_031.png,031,0,train
train/031/07_031.png,031,0,train
train/031/11_031.png,031,0,train
train/031/08_031.png,031,0,train
train/031/12_031.png,031,0,train
train/031/01_031.png,031,0,train
train/031/06_031.png,031,0,train
train/031/09_031.png,031,0,train
train/031/02_031.png,031,0,train
train/031/04_031.png,031,0,train
train/031/10_031.png,031,0,train
train/031/03_031.png,031,0,train
train/023/12_023.png,023,0,train
train/023/11_023.png,023,0,train
train/023/03_023.png,023,0,train
train/023/01_023.png,023,0,train
train/023/08_023.png,023,0,train
train/023/07_023.png,023,0,train
train/023/02_023.png,023,0,train
train/023/04_023.png,023,0,train
train/023/05_023.png,023,0,train
train/023/10_023.png,023,0,train
train/023/06_023.png,023,0,train
train/023/09_023.png,023,0,train
train/012_forg/0210012_02.png,012,1,train
train/012_forg/0113012_02.png,012,1,train
train/012_forg/0113012_04.png,012,1,train
train/012_forg/0113012_03.png,012,1,train
train/012_forg/0210012_01.png,012,1,train
train/012_forg/0113012_01.png,012,1,train
train/012_forg/0206012_03.png,012,1,train
train/012_forg/0210012_03.png,012,1,train
train/012_forg/0206012_01.png,012,1,train
train/012_forg/0206012_04.png,012,1,train
train/012_forg/0206012_02.png,012,1,train
train/012_forg/0210012_04.png,012,1,train
train/026_forg/04_0119026.PNG,026,1,train
train/026_forg/01_0125026.PNG,026,1,train
train/026_forg/02_0125026.PNG,026,1,train
train/026_forg/01_0123026.PNG,026,1,train
train/026_forg/03_0123026.PNG,026,1,train
train/026_forg/01_0119026.PNG,026,1,train
train/026_forg/02_0123026.PNG,026,1,train
train/026_forg/02_0119026.PNG,026,1,train
train/026_forg/03_0119026.PNG,026,1,train
train/026_forg/04_0125026.PNG,026,1,train
train/026_forg/03_0125026.PNG,026,1,train
train/026_forg/04_0123026.PNG,026,1,train
train/040_forg/02_0121040.PNG,040,1,train
train/040_forg/04_0121040.PNG,040,1,train
train/040_forg/01_0114040.PNG,040,1,train
train/040_forg/03_0114040.PNG,040,1,train
train/040_forg/01_0121040.PNG,040,1,train
train/040_forg/03_0121040.PNG,040,1,train
train/040_forg/04_0114040.PNG,040,1,train
train/040_forg/02_0114040.PNG,040,1,train
train/046/06_046.png,046,0,train
train/046/02_046.png,046,0,train
train/046/09_046.png,046,0,train
train/046/08_046.png,046,0,train
train/046/05_046.png,046,0,train
train/046/12_046.png,046,0,train
train/046/04_046.png,046,0,train
train/046/11_046.png,046,0,train
train/046/10_046.png,046,0,train
train/046/03_046.png,046,0,train
train/046/07_046.png,046,0,train
train/046/01_046.png,046,0,train
train/028_forg/03_0205028.PNG,028,1,train
train/028_forg/04_0205028.PNG,028,1,train
train/028_forg/01_0126028.PNG,028,1,train
train/028_forg/04_0126028.PNG,028,1,train
train/028_forg/03_0126028.PNG,028,1,train
train/028_forg/04_0212028.PNG,028,1,train
train/028_forg/01_0205028.PNG,028,1,train
train/028_forg/03_0212028.PNG,028,1,train
train/028_forg/02_0212028.PNG,028,1,train
train/028_forg/01_0212028.PNG,028,1,train
train/028_forg/02_0126028.PNG,028,1,train
train/028_forg/02_0205028.PNG,028,1,train
train/041_forg/04_0117041.PNG,041,1,train
train/041_forg/04_0116041.PNG,041,1,train
train/041_forg/01_0116041.PNG,041,1,train
train/041_forg/04_0105041.PNG,041,1,train
train/041_forg/02_0116041.PNG,041,1,train
train/041_forg/02_0105041.PNG,041,1,train
train/041_forg/03_0116041.PNG,041,1,train
train/041_forg/03_0105041.PNG,041,1,train
train/041_forg/01_0117041.PNG,041,1,train
train/041_forg/02_0117041.PNG,041,1,train
train/041_forg/03_0117041.PNG,041,1,train
train/041_forg/01_0105041.PNG,041,1,train
train/045/06_045.png,045,0,train
train/045/09_045.png,045,0,train
train/045/01_045.png,045,0,train
train/045/05_045.png,045,0,train
train/045/04_045.png,045,0,train
train/045/10_045.png,045,0,train
train/045/11_045.png,045,0,train
train/045/08_045.png,045,0,train
train/045/02_045.png,045,0,train
train/045/07_045.png,045,0,train
train/045/12_045.png,045,0,train
train/045/03_045.png,045,0,train
train/058_forg/03_0109058.PNG,058,1,train
train/058_forg/02_0127058.PNG,058,1,train
train/058_forg/02_0110058.PNG,058,1,train
train/058_forg/04_0127058.PNG,058,1,train
train/058_forg/04_0125058.PNG,058,1,train
train/058_forg/04_0110058.PNG,058,1,train
train/058_forg/04_0109058.PNG,058,1,train
train/058_forg/02_0125058.PNG,058,1,train
train/058_forg/01_0127058.PNG,058,1,train
train/058_forg/03_0127058.PNG,058,1,train
train/058_forg/01_0125058.PNG,058,1,train
train/058_forg/01_0110058.PNG,058,1,train
train/058_forg/01_0109058.PNG,058,1,train
train/058_forg/03_0110058.PNG,058,1,train
train/058_forg/03_0125058.PNG,058,1,train
train/058_forg/02_0109058.PNG,058,1,train
train/017_forg/01_0107017.PNG,017,1,train
train/017_forg/02_0107017.PNG,017,1,train
train/017_forg/01_0211017.PNG,017,1,train
train/017_forg/04_0107017.PNG,017,1,train
train/017_forg/01_0124017.PNG,017,1,train
train/017_forg/02_0211017.PNG,017,1,train
train/017_forg/03_0124017.PNG,017,1,train
train/017_forg/04_0211017.PNG,017,1,train
train/017_forg/03_0107017.PNG,017,1,train
train/017_forg/02_0124017.PNG,017,1,train
train/017_forg/04_0124017.PNG,017,1,train
train/017_forg/03_0211017.PNG,017,1,train
train/004_forg/0105004_01.png,004,1,train
train/004_forg/0105004_04.png,004,1,train
train/004_forg/0103004_04.png,004,1,train
train/004_forg/0124004_02.png,004,1,train
train/004_forg/0105004_02.png,004,1,train
train/004_forg/0124004_03.png,004,1,train
train/004_forg/0124004_01.png,004,1,train
train/004_forg/0103004_03.png,004,1,train
train/004_forg/0103004_02.png,004,1,train
train/004_forg/0105004_03.png,004,1,train
train/004_forg/0124004_04.png,004,1,train
train/062_forg/04_0116062.PNG,062,1,train
train/062_forg/04_0201062.PNG,062,1,train
train/062_forg/03_0116062.PNG,062,1,train
train/062_forg/04_0109062.PNG,062,1,train
train/062_forg/01_0109062.PNG,062,1,train
train/062_forg/03_0201062.PNG,062,1,train
train/062_forg/02_0116062.PNG,062,1,train
train/062_forg/03_0109062.PNG,062,1,train
train/062_forg/01_0201062.PNG,062,1,train
train/062_forg/01_0116062.PNG,062,1,train
train/062_forg/02_0109062.PNG,062,1,train
train/062_forg/02_0201062.PNG,062,1,train
train/014/014_01.PNG,014,0,train
train/014/014_19.PNG,014,0,train
train/014/014_12.PNG,014,0,train
train/014/014_09.PNG,014,0,train
train/014/014_22.PNG,014,0,train
train/014/014_24.PNG,014,0,train
train/014/014_08.PNG,014,0,train
train/014/014_17.PNG,014,0,train
train/014/014_02.PNG,014,0,train
train/014/014_10.PNG,014,0,train
train/014/014_15.PNG,014,0,train
train/014/014_13.PNG,014,0,train
train/014/014_11.PNG,014,0,train
train/014/014_18.PNG,014,0,train
train/014/014_21.PNG,014,0,train
train/014/014_23.PNG,014,0,train
train/014/014_03.PNG,014,0,train
train/014/014_16.PNG,014,0,train
train/014/014_20.PNG,014,0,train
train/014/014_04.PNG,014,0,train
train/014/014_06.PNG,014,0,train
train/014/014_07.PNG,014,0,train
train/014/014_05.PNG,014,0,train
train/014/014_14.PNG,014,0,train
train/050_forg/02_0204050.PNG,050,1,train
train/050_forg/03_0204050.PNG,050,1,train
train/050_forg/01_0125050.PNG,050,1,train
train/050_forg/02_0126050.PNG,050,1,train
train/050_forg/04_0125050.PNG,050,1,train
train/050_forg/03_0126050.PNG,050,1,train
train/050_forg/02_0125050.PNG,050,1,train
train/050_forg/01_0204050.PNG,050,1,train
train/050_forg/03_0125050.PNG,050,1,train
train/050_forg/04_0126050.PNG,050,1,train
train/050_forg/04_0204050.PNG,050,1,train
train/050_forg/01_0126050.PNG,050,1,train
train/034/03_034.png,034,0,train
train/034/07_034.png,034,0,train
train/034/10_034.png,034,0,train
train/034/11_034.png,034,0,train
train/034/01_034.png,034,0,train
train/034/09_034.png,034,0,train
train/034/05_034.png,034,0,train
train/034/12_034.png,034,0,train
train/034/06_034.png,034,0,train
train/034/02_034.png,034,0,train
train/034/04_034.png,034,0,train
train/034/08_034.png,034,0,train
train/036_forg/04_0123036.PNG,036,1,train
train/036_forg/01_0123036.PNG,036,1,train
train/036_forg/04_0118036.PNG,036,1,train
train/036_forg/03_0118036.PNG,036,1,train
train/036_forg/01_0118036.PNG,036,1,train
train/036_forg/01_0109036.PNG,036,1,train
train/036_forg/02_0123036.PNG,036,1,train
train/036_forg/03_0109036.PNG,036,1,train
train/036_forg/02_0109036.PNG,036,1,train
train/036_forg/03_0123036.PNG,036,1,train
train/036_forg/04_0109036.PNG,036,1,train
train/036_forg/02_0118036.PNG,036,1,train
train/009_forg/0201009_03.png,009,1,train
train/009_forg/0201009_01.png,009,1,train
train/009_forg/0123009_04.png,009,1,train
train/009_forg/0123009_03.png,009,1,train
train/009_forg/0117009_02.png,009,1,train
train/009_forg/0117009_04.png,009,1,train
train/009_forg/0117009_01.png,009,1,train
train/009_forg/0117009_03.png,009,1,train
train/009_forg/0201009_04.png,009,1,train
train/009_forg/0123009_01.png,009,1,train
train/009_forg/0123009_02.png,009,1,train
train/009_forg/0201009_02.png,009,1,train
train/041/07_041.png,041,0,train
train/041/11_041.png,041,0,train
train/041/01_041.png,041,0,train
train/041/12_041.png,041,0,train
train/041/05_041.png,041,0,train
train/041/09_041.png,041,0,train
train/041/10_041.png,041,0,train
train/041/03_041.png,041,0,train
train/041/02_041.png,041,0,train
train/041/04_041.png,041,0,train
train/041/08_041.png,041,0,train
train/041/06_041.png,041,0,train
train/064_forg/02_0203064.PNG,064,1,train
train/064_forg/02_0105064.PNG,064,1,train
train/064_forg/03_0105064.PNG,064,1,train
train/064_forg/04_0203064.PNG,064,1,train
train/064_forg/01_0105064.PNG,064,1,train
train/064_forg/04_0105064.PNG,064,1,train
train/064_forg/01_0203064.PNG,064,1,train
train/064_forg/03_0203064.PNG,064,1,train
train/003_forg/0121003_03.png,003,1,train
train/003_forg/0206003_03.png,003,1,train
train/003_forg/0121003_02.png,003,1,train
train/003_forg/0126003_01.png,003,1,train
train/003_forg/0206003_04.png,003,1,train
train/003_forg/0121003_04.png,003,1,train
train/003_forg/0206003_01.png,003,1,train
train/003_forg/0126003_03.png,003,1,train
train/003_forg/0121003_01.png,003,1,train
train/003_forg/0126003_04.png,003,1,train
train/003_forg/0206003_02.png,003,1,train
train/003_forg/0126003_02.png,003,1,train
train/002/002_24.PNG,002,0,train
train/002/002_14.PNG,002,0,train
train/002/002_19.PNG,002,0,train
train/002/002_21.PNG,002,0,train
train/002/002_20.PNG,002,0,train
train/002/002_01.PNG,002,0,train
train/002/002_18.PNG,002,0,train
train/002/002_07.PNG,002,0,train
train/002/002_11.PNG,002,0,train
train/002/002_06.PNG,002,0,train
train/002/002_15.PNG,002,0,train
train/002/002_22.PNG,002,0,train
train/002/002_10.PNG,002,0,train
train/002/002_02.PNG,002,0,train
train/002/002_04.PNG,002,0,train
train/002/002_09.PNG,002,0,train
train/002/002_12.PNG,002,0,train
train/002/002_03.PNG,002,0,train
train/002/002_16.PNG,002,0,train
train/002/002_05.PNG,002,0,train
train/002/002_17.PNG,002,0,train
train/002/002_13.PNG,002,0,train
train/002/002_23.PNG,002,0,train
train/002/002_08.PNG,002,0,train
train/018/02_018.png,018,0,train
train/018/03_018.png,018,0,train
train/018/05_018.png,018,0,train
train/018/06_018.png,018,0,train
train/018/01_018.png,018,0,train
train/018/10_018.png,018,0,train
train/018/09_018.png,018,0,train
train/018/12_018.png,018,0,train
train/018/08_018.png,018,0,train
train/018/04_018.png,018,0,train
train/018/11_018.png,018,0,train
train/018/07_018.png,018,0,train
train/044_forg/02_0103044.PNG,044,1,train
train/044_forg/02_0211044.PNG,044,1,train
train/044_forg/04_0211044.PNG,044,1,train
train/044_forg/03_0103044.PNG,044,1,train
train/044_forg/03_0211044.PNG,044,1,train
train/044_forg/02_0112044.PNG,044,1,train
train/044_forg/04_0103044.PNG,044,1,train
train/044_forg/01_0112044.PNG,044,1,train
train/044_forg/03_0112044.PNG,044,1,train
train/044_forg/01_0211044.PNG,044,1,train
train/044_forg/01_0103044.PNG,044,1,train
train/044_forg/04_0112044.PNG,044,1,train
train/067/04_067.png,067,0,train
train/067/01_067.png,067,0,train
train/067/09_067.png,067,0,train
train/067/12_067.png,067,0,train
train/067/08_067.png,067,0,train
train/067/07_067.png,067,0,train
train/067/05_067.png,067,0,train
train/067/11_067.png,067,0,train
train/067/06_067.png,067,0,train
train/067/03_067.png,067,0,train
train/067/02_067.png,067,0,train
train/067/10_067.png,067,0,train
train/061/04_061.png,061,0,train
train/061/02_061.png,061,0,train
train/061/11_061.png,061,0,train
train/061/05_061.png,061,0,train
train/061/01_061.png,061,0,train
train/061/08_061.png,061,0,train
train/061/09_061.png,061,0,train
train/061/06_061.png,061,0,train
train/061/03_061.png,061,0,train
train/061/07_061.png,061,0,train
train/061/12_061.png,061,0,train
train/061/10_061.png,061,0,train
train/063/04_063.png,063,0,train
train/063/12_063.png,063,0,train
train/063/06_063.png,063,0,train
train/063/07_063.png,063,0,train
train/063/05_063.png,063,0,train
train/063/01_063.png,063,0,train
train/063/02_063.png,063,0,train
train/063/11_063.png,063,0,train
train/063/08_063.png,063,0,train
train/063/03_063.png,063,0,train
train/063/09_063.png,063,0,train
train/063/10_063.png,063,0,train
train/052/09_052.png,052,0,train
train/052/06_052.png,052,0,train
train/052/05_052.png,052,0,train
train/052/03_052.png,052,0,train
train/052/08_052.png,052,0,train
train/052/07_052.png,052,0,train
train/052/01_052.png,052,0,train
train/052/02_052.png,052,0,train
train/052/11_052.png,052,0,train
train/052/04_052.png,052,0,train
train/052/10_052.png,052,0,train
train/052/12_052.png,052,0,train
train/013_forg/03_0204013.PNG,013,1,train
train/013_forg/02_0204013.PNG,013,1,train
train/013_forg/03_0113013.PNG,013,1,train
train/013_forg/03_0203013.PNG,013,1,train
train/013_forg/02_0203013.PNG,013,1,train
train/013_forg/02_0113013.PNG,013,1,train
train/013_forg/01_0113013.PNG,013,1,train
train/013_forg/04_0203013.PNG,013,1,train
train/013_forg/01_0204013.PNG,013,1,train
train/013_forg/04_0204013.PNG,013,1,train
train/013_forg/01_0203013.PNG,013,1,train
train/013_forg/04_0113013.PNG,013,1,train
train/016/016_17.PNG,016,0,train
train/016/016_05.PNG,016,0,train
train/016/016_03.PNG,016,0,train
train/016/016_15.PNG,016,0,train
train/016/016_16.PNG,016,0,train
train/016/016_18.PNG,016,0,train
train/016/016_24.PNG,016,0,train
train/016/016_20.PNG,016,0,train
train/016/016_04.PNG,016,0,train
train/016/016_14.PNG,016,0,train
train/016/016_10.PNG,016,0,train
train/016/016_01.PNG,016,0,train
train/016/016_21.PNG,016,0,train
train/016/016_02.PNG,016,0,train
train/016/016_12.PNG,016,0,train
train/016/016_07.PNG,016,0,train
train/016/016_09.PNG,016,0,train
train/016/016_22.PNG,016,0,train
train/016/016_06.PNG,016,0,train
train/016/016_13.PNG,016,0,train
train/016/016_08.PNG,016,0,train
train/016/016_11.PNG,016,0,train
train/016/016_23.PNG,016,0,train
train/059_forg/04_0125059.PNG,059,1,train
train/059_forg/01_0125059.PNG,059,1,train
train/059_forg/04_0104059.PNG,059,1,train
train/059_forg/03_0104059.PNG,059,1,train
train/059_forg/02_0104059.PNG,059,1,train
train/059_forg/01_0104059.PNG,059,1,train
train/059_forg/03_0125059.PNG,059,1,train
train/059_forg/02_0125059.PNG,059,1,train
train/043/11_043.png,043,0,train
train/043/02_043.png,043,0,train
train/043/04_043.png,043,0,train
train/043/06_043.png,043,0,train
train/043/10_043.png,043,0,train
train/043/12_043.png,043,0,train
train/043/05_043.png,043,0,train
train/043/08_043.png,043,0,train
train/043/01_043.png,043,0,train
train/043/07_043.png,043,0,train
train/043/09_043.png,043,0,train
train/043/03_043.png,043,0,train
train/048_forg/03_0106048.PNG,048,1,train
train/048_forg/02_0106048.PNG,048,1,train
train/048_forg/03_0204048.PNG,048,1,train
train/048_forg/01_0106048.PNG,048,1,train
train/048_forg/04_0106048.PNG,048,1,train
train/048_forg/04_0204048.PNG,048,1,train
train/048_forg/01_0204048.PNG,048,1,train
train/048_forg/02_0204048.PNG,048,1,train
train/034_forg/02_0103034.PNG,034,1,train
train/034_forg/03_0120034.PNG,034,1,train
train/034_forg/04_0110034.PNG,034,1,train
train/034_forg/04_0103034.PNG,034,1,train
train/034_forg/01_0120034.PNG,034,1,train
train/034_forg/01_0110034.PNG,034,1,train
train/034_forg/02_0120034.PNG,034,1,train
train/034_forg/04_0120034.PNG,034,1,train
train/034_forg/01_0103034.PNG,034,1,train
train/034_forg/02_0110034.PNG,034,1,train
train/034_forg/03_0103034.PNG,034,1,train
train/034_forg/03_0110034.PNG,034,1,train
train/021/04_021.png,021,0,train
train/021/08_021.png,021,0,train
train/021/07_021.png,021,0,train
train/021/06_021.png,021,0,train
train/021/09_021.png,021,0,train
train/021/10_021.png,021,0,train
train/021/05_021.png,021,0,train
train/021/02_021.png,021,0,train
train/021/11_021.png,021,0,train
train/021/03_021.png,021,0,train
train/021/12_021.png,021,0,train
train/021/01_021.png,021,0,train
train/038_forg/02_0213038.PNG,038,1,train
train/038_forg/01_0124038.PNG,038,1,train
train/038_forg/02_0101038.PNG,038,1,train
train/038_forg/04_0213038.PNG,038,1,train
train/038_forg/01_0101038.PNG,038,1,train
train/038_forg/04_0101038.PNG,038,1,train
train/038_forg/04_0124038.PNG,038,1,train
train/038_forg/03_0101038.PNG,038,1,train
train/038_forg/02_0124038.PNG,038,1,train
train/038_forg/03_0213038.PNG,038,1,train
train/038_forg/01_0213038.PNG,038,1,train
train/038_forg/03_0124038.PNG,038,1,train
train/030_forg/02_0109030.PNG,030,1,train
train/030_forg/02_0213030.PNG,030,1,train
train/030_forg/01_0114030.PNG,030,1,train
train/030_forg/04_0213030.PNG,030,1,train
train/030_forg/03_0213030.PNG,030,1,train
train/030_forg/04_0114030.PNG,030,1,train
train/030_forg/03_0109030.PNG,030,1,train
train/030_forg/01_0213030.PNG,030,1,train
train/030_forg/03_0114030.PNG,030,1,train
train/030_forg/04_0109030.PNG,030,1,train
train/030_forg/02_0114030.PNG,030,1,train
train/030_forg/01_0109030.PNG,030,1,train
train/037_forg/01_0123037.PNG,037,1,train
train/037_forg/04_0208037.PNG,037,1,train
train/037_forg/02_0214037.PNG,037,1,train
train/037_forg/02_0208037.PNG,037,1,train
train/037_forg/02_0114037.PNG,037,1,train
train/037_forg/01_0114037.PNG,037,1,train
train/037_forg/04_0123037.PNG,037,1,train
train/037_forg/04_0214037.PNG,037,1,train
train/037_forg/03_0214037.PNG,037,1,train
train/037_forg/04_0114037.PNG,037,1,train
train/037_forg/01_0214037.PNG,037,1,train
train/037_forg/01_0208037.PNG,037,1,train
train/037_forg/03_0114037.PNG,037,1,train
train/037_forg/03_0208037.PNG,037,1,train
train/037_forg/03_0123037.PNG,037,1,train
train/037_forg/02_0123037.PNG,037,1,train
train/001_forg/0119001_02.png,001,1,train
train/001_forg/0119001_03.png,001,1,train
train/001_forg/0119001_01.png,001,1,train
train/001_forg/0201001_03.png,001,1,train
train/001_forg/0119001_04.png,001,1,train
train/001_forg/0201001_02.png,001,1,train
train/001_forg/0201001_01.png,001,1,train
train/001_forg/0201001_04.png,001,1,train
train/026/04_026.png,026,0,train
train/026/11_026.png,026,0,train
train/026/10_026.png,026,0,train
train/026/06_026.png,026,0,train
train/026/08_026.png,026,0,train
train/026/12_026.png,026,0,train
train/026/09_026.png,026,0,train
train/026/01_026.png,026,0,train
train/026/03_026.png,026,0,train
train/026/07_026.png,026,0,train
train/026/05_026.png,026,0,train
train/026/02_026.png,026,0,train
train/042/02_042.png,042,0,train
train/042/06_042.png,042,0,train
train/042/04_042.png,042,0,train
train/042/03_042.png,042,0,train
train/042/07_042.png,042,0,train
train/042/05_042.png,042,0,train
train/042/11_042.png,042,0,train
train/042/12_042.png,042,0,train
train/042/08_042.png,042,0,train
train/042/01_042.png,042,0,train
train/042/09_042.png,042,0,train
train/042/10_042.png,042,0,train
train/040/10_040.png,040,0,train
train/040/09_040.png,040,0,train
train/040/03_040.png,040,0,train
train/040/12_040.png,040,0,train
train/040/08_040.png,040,0,train
train/040/04_040.png,040,0,train
train/040/02_040.png,040,0,train
train/040/07_040.png,040,0,train
train/040/01_040.png,040,0,train
train/040/05_040.png,040,0,train
train/040/06_040.png,040,0,train
train/040/11_040.png,040,0,train
train/045_forg/04_0111045.PNG,045,1,train
train/045_forg/01_0116045.PNG,045,1,train
train/045_forg/04_0116045.PNG,045,1,train
train/045_forg/02_0111045.PNG,045,1,train
train/045_forg/03_0116045.PNG,045,1,train
train/045_forg/01_0205045.PNG,045,1,train
train/045_forg/02_0205045.PNG,045,1,train
train/045_forg/02_0116045.PNG,045,1,train
train/045_forg/04_0205045.PNG,045,1,train
train/045_forg/01_0111045.PNG,045,1,train
train/045_forg/03_0205045.PNG,045,1,train
train/045_forg/03_0111045.PNG,045,1,train
train/057/05_057.png,057,0,train
train/057/10_057.png,057,0,train
train/057/06_057.png,057,0,train
train/057/03_057.png,057,0,train
train/057/02_057.png,057,0,train
train/057/01_057.png,057,0,train
train/057/11_057.png,057,0,train
train/057/09_057.png,057,0,train
train/057/08_057.png,057,0,train
train/057/12_057.png,057,0,train
train/057/07_057.png,057,0,train
train/057/04_057.png,057,0,train
train/052_forg/02_0210052.PNG,052,1,train
train/052_forg/04_0106052.PNG,052,1,train
train/052_forg/03_0109052.PNG,052,1,train
train/052_forg/01_0207052.PNG,052,1,train
train/052_forg/03_0106052.PNG,052,1,train
train/052_forg/03_0207052.PNG,052,1,train
train/052_forg/04_0207052.PNG,052,1,train
train/052_forg/01_0109052.PNG,052,1,train
train/052_forg/02_0207052.PNG,052,1,train
train/052_forg/04_0109052.PNG,052,1,train
train/052_forg/04_0210052.PNG,052,1,train
train/052_forg/01_0106052.PNG,052,1,train
train/052_forg/01_0210052.PNG,052,1,train
train/052_forg/02_0106052.PNG,052,1,train
train/052_forg/02_0109052.PNG,052,1,train
train/052_forg/03_0210052.PNG,052,1,train
train/038/09_038.png,038,0,train
train/038/02_038.png,038,0,train
train/038/07_038.png,038,0,train
train/038/03_038.png,038,0,train
train/038/12_038.png,038,0,train
train/038/11_038.png,038,0,train
train/038/10_038.png,038,0,train
train/038/01_038.png,038,0,train
train/038/06_038.png,038,0,train
train/038/04_038.png,038,0,train
train/038/05_038.png,038,0,train
train/038/08_038.png,038,0,train
train/050/06_050.png,050,0,train
train/050/08_050.png,050,0,train
train/050/11_050.png,050,0,train
train/050/10_050.png,050,0,train
train/050/02_050.png,050,0,train
train/050/05_050.png,050,0,train
train/050/01_050.png,050,0,train
train/050/04_050.png,050,0,train
train/050/09_050.png,050,0,train
train/050/03_050.png,050,0,train
train/050/07_050.png,050,0,train
train/050/12_050.png,050,0,train
train/037/03_037.png,037,0,train
train/037/01_037.png,037,0,train
train/037/11_037.png,037,0,train
train/037/04_037.png,037,0,train
train/037/10_037.png,037,0,train
train/037/09_037.png,037,0,train
train/037/08_037.png,037,0,train
train/037/07_037.png,037,0,train
train/037/05_037.png,037,0,train
train/037/12_037.png,037,0,train
train/037/02_037.png,037,0,train
train/037/06_037.png,037,0,train
train/024/08_024.png,024,0,train
train/024/02_024.png,024,0,train
train/024/10_024.png,024,0,train
train/024/06_024.png,024,0,train
train/024/11_024.png,024,0,train
train/024/04_024.png,024,0,train
train/024/12_024.png,024,0,train
train/024/05_024.png,024,0,train
train/024/01_024.png,024,0,train
train/024/03_024.png,024,0,train
train/024/09_024.png,024,0,train
train/024/07_024.png,024,0,train
train/006/006_02.PNG,006,0,train
train/006/006_15.PNG,006,0,train
train/006/006_10.PNG,006,0,train
train/006/006_09.PNG,006,0,train
train/006/006_17.PNG,006,0,train
train/006/006_19.PNG,006,0,train
train/006/006_07.PNG,006,0,train
train/006/006_21.PNG,006,0,train
train/006/006_18.PNG,006,0,train
train/006/006_20.PNG,006,0,train
train/006/006_01.PNG,006,0,train
train/006/006_04.PNG,006,0,train
train/006/006_06.PNG,006,0,train
train/006/006_05.PNG,006,0,train
train/006/006_24.PNG,006,0,train
train/006/006_08.PNG,006,0,train
train/006/006_12.PNG,006,0,train
train/006/006_22.PNG,006,0,train
train/006/006_13.PNG,006,0,train
train/006/006_23.PNG,006,0,train
train/006/006_03.PNG,006,0,train
train/006/006_14.PNG,006,0,train
train/006/006_16.PNG,006,0,train
train/006/006_11.PNG,006,0,train
train/003/003_14.PNG,003,0,train
train/003/003_03.PNG,003,0,train
train/003/003_09.PNG,003,0,train
train/003/003_13.PNG,003,0,train
train/003/003_05.PNG,003,0,train
train/003/003_20.PNG,003,0,train
train/003/003_21.PNG,003,0,train
train/003/003_06.PNG,003,0,train
train/003/003_01.PNG,003,0,train
train/003/003_15.PNG,003,0,train
train/003/003_16.PNG,003,0,train
train/003/003_11.PNG,003,0,train
train/003/003_17.PNG,003,0,train
train/003/003_10.PNG,003,0,train
train/003/003_12.PNG,003,0,train
train/003/003_24.PNG,003,0,train
train/003/003_04.PNG,003,0,train
train/003/003_23.PNG,003,0,train
train/003/003_07.PNG,003,0,train
train/003/003_19.PNG,003,0,train
train/003/003_02.PNG,003,0,train
train/003/003_18.PNG,003,0,train
train/003/003_08.PNG,003,0,train
train/003/003_22.PNG,003,0,train
train/030/08_030.png,030,0,train
train/030/02_030.png,030,0,train
train/030/05_030.png,030,0,train
train/030/10_030.png,030,0,train
train/030/12_030.png,030,0,train
train/030/09_030.png,030,0,train
train/030/01_030.png,030,0,train
train/030/04_030.png,030,0,train
train/030/11_030.png,030,0,train
train/030/06_030.png,030,0,train
train/030/07_030.png,030,0,train
train/030/03_030.png,030,0,train
train/069_forg/04_0111069.PNG,069,1,train
train/069_forg/01_0106069.PNG,069,1,train
train/069_forg/03_0108069.PNG,069,1,train
train/069_forg/01_0108069.PNG,069,1,train
train/069_forg/03_0111069.PNG,069,1,train
train/069_forg/04_0106069.PNG,069,1,train
train/069_forg/01_0111069.PNG,069,1,train
train/069_forg/02_0111069.PNG,069,1,train
train/069_forg/03_0106069.PNG,069,1,train
train/069_forg/02_0106069.PNG,069,1,train
train/069_forg/04_0108069.PNG,069,1,train
train/069_forg/02_0108069.PNG,069,1,train
train/049/06_049.png,049,0,train
train/049/04_049.png,049,0,train
train/049/07_049.png,049,0,train
train/049/05_049.png,049,0,train
train/049/03_049.png,049,0,train
train/049/08_049.png,049,0,train
train/049/10_049.png,049,0,train
train/049/09_049.png,049,0,train
train/049/12_049.png,049,0,train
train/049/02_049.png,049,0,train
train/049/11_049.png,049,0,train
train/049/01_049.png,049,0,train
train/060/11_060.png,060,0,train
train/060/04_060.png,060,0,train
train/060/01_060.png,060,0,train
train/060/08_060.png,060,0,train
train/060/12_060.png,060,0,train
train/060/07_060.png,060,0,train
train/060/06_060.png,060,0,train
train/060/10_060.png,060,0,train
train/060/03_060.png,060,0,train
train/060/09_060.png,060,0,train
train/060/02_060.png,060,0,train
train/060/05_060.png,060,0,train
train/059/04_059.png,059,0,train
train/059/12_059.png,059,0,train
train/059/01_059.png,059,0,train
train/059/02_059.png,059,0,train
train/059/08_059.png,059,0,train
train/059/03_059.png,059,0,train
train/059/10_059.png,059,0,train
train/059/05_059.png,059,0,train
train/059/06_059.png,059,0,train
train/059/07_059.png,059,0,train
train/059/09_059.png,059,0,train
train/059/11_059.png,059,0,train
train/065/11_065.png,065,0,train
train/065/07_065.png,065,0,train
train/065/06_065.png,065,0,train
train/065/01_065.png,065,0,train
train/065/08_065.png,065,0,train
train/065/02_065.png,065,0,train
train/065/04_065.png,065,0,train
train/065/03_065.png,065,0,train
train/065/05_065.png,065,0,train
train/065/12_065.png,065,0,train
train/065/09_065.png,065,0,train
train/065/10_065.png,065,0,train
train/036/05_036.png,036,0,train
train/036/10_036.png,036,0,train
train/036/12_036.png,036,0,train
train/036/01_036.png,036,0,train
train/036/11_036.png,036,0,train
train/036/02_036.png,036,0,train
train/036/04_036.png,036,0,train
train/036/09_036.png,036,0,train
train/036/06_036.png,036,0,train
train/036/07_036.png,036,0,train
train/036/03_036.png,036,0,train
train/036/08_036.png,036,0,train
train/015/015_17.PNG,015,0,train
train/015/015_12.PNG,015,0,train
train/015/015_09.PNG,015,0,train
train/015/015_07.PNG,015,0,train
train/015/015_13.PNG,015,0,train
train/015/015_10.PNG,015,0,train
train/015/015_06.PNG,015,0,train
train/015/015_11.PNG,015,0,train
train/015/015_05.PNG,015,0,train
train/015/015_21.PNG,015,0,train
train/015/015_15.PNG,015,0,train
train/015/015_24.PNG,015,0,train
train/015/015_22.PNG,015,0,train
train/015/015_16.PNG,015,0,train
train/015/015_19.PNG,015,0,train
train/015/015_04.PNG,015,0,train
train/015/015_23.PNG,015,0,train
train/015/015_02.PNG,015,0,train
train/015/015_08.PNG,015,0,train
train/015/015_03.PNG,015,0,train
train/015/015_01.PNG,015,0,train
train/015/015_20.PNG,015,0,train
train/015/015_14.PNG,015,0,train
train/015/015_18.PNG,015,0,train
train/039/05_039.png,039,0,train
train/039/12_039.png,039,0,train
train/039/08_039.png,039,0,train
train/039/03_039.png,039,0,train
train/039/07_039.png,039,0,train
train/039/10_039.png,039,0,train
train/039/01_039.png,039,0,train
train/039/04_039.png,039,0,train
train/039/02_039.png,039,0,train
train/039/06_039.png,039,0,train
train/039/11_039.png,039,0,train
train/039/09_039.png,039,0,train
train/015_forg/0213015_04.png,015,1,train
train/015_forg/0106015_02.png,015,1,train
train/015_forg/0106015_03.png,015,1,train
train/015_forg/0106015_04.png,015,1,train
train/015_forg/0210015_02.png,015,1,train
train/015_forg/0210015_03.png,015,1,train
train/015_forg/0210015_04.png,015,1,train
train/015_forg/0106015_01.png,015,1,train
train/015_forg/0210015_01.png,015,1,train
train/015_forg/0213015_01.png,015,1,train
train/015_forg/0213015_02.png,015,1,train
train/015_forg/0213015_03.png,015,1,train
train/012/012_19.PNG,012,0,train
train/012/012_06.PNG,012,0,train
train/012/012_09.PNG,012,0,train
train/012/012_21.PNG,012,0,train
train/012/012_01.PNG,012,0,train
train/012/012_11.PNG,012,0,train
train/012/012_10.PNG,012,0,train
train/012/012_05.PNG,012,0,train
train/012/012_23.PNG,012,0,train
train/012/012_14.PNG,012,0,train
train/012/012_07.PNG,012,0,train
train/012/012_22.PNG,012,0,train
train/012/012_24.PNG,012,0,train
train/012/012_03.PNG,012,0,train
train/012/012_15.PNG,012,0,train
train/012/012_04.PNG,012,0,train
train/012/012_12.PNG,012,0,train
train/012/012_16.PNG,012,0,train
train/012/012_02.PNG,012,0,train
train/012/012_13.PNG,012,0,train
train/012/012_17.PNG,012,0,train
train/012/012_08.PNG,012,0,train
train/012/012_18.PNG,012,0,train
train/012/012_20.PNG,012,0,train
train/042_forg/03_0204042.PNG,042,1,train
train/042_forg/04_0107042.PNG,042,1,train
train/042_forg/01_0204042.PNG,042,1,train
train/042_forg/01_0118042.PNG,042,1,train
train/042_forg/02_0118042.PNG,042,1,train
train/042_forg/04_0118042.PNG,042,1,train
train/042_forg/03_0118042.PNG,042,1,train
train/042_forg/02_0107042.PNG,042,1,train
train/042_forg/02_0204042.PNG,042,1,train
train/042_forg/04_0204042.PNG,042,1,train
train/042_forg/03_0107042.PNG,042,1,train
train/042_forg/01_0107042.PNG,042,1,train
train/028/06_028.png,028,0,train
train/028/09_028.png,028,0,train
train/028/07_028.png,028,0,train
train/028/08_028.png,028,0,train
train/028/12_028.png,028,0,train
train/028/04_028.png,028,0,train
train/028/11_028.png,028,0,train
train/028/10_028.png,028,0,train
train/028/05_028.png,028,0,train
train/028/03_028.png,028,0,train
train/028/01_028.png,028,0,train
train/028/02_028.png,028,0,train
train/039_forg/01_0108039.PNG,039,1,train
train/039_forg/02_0102039.PNG,039,1,train
train/039_forg/01_0113039.PNG,039,1,train
train/039_forg/01_0102039.PNG,039,1,train
train/039_forg/02_0108039.PNG,039,1,train
train/039_forg/03_0113039.PNG,039,1,train
train/039_forg/04_0102039.PNG,039,1,train
train/039_forg/04_0113039.PNG,039,1,train
train/039_forg/03_0108039.PNG,039,1,train
train/039_forg/04_0108039.PNG,039,1,train
train/039_forg/03_0102039.PNG,039,1,train
train/039_forg/02_0113039.PNG,039,1,train
train/020_forg/03_0101020.PNG,020,1,train
train/020_forg/01_0117020.PNG,020,1,train
train/020_forg/01_0213020.PNG,020,1,train
train/020_forg/03_0127020.PNG,020,1,train
train/020_forg/02_0101020.PNG,020,1,train
train/020_forg/02_0105020.PNG,020,1,train
train/020_forg/03_0213020.PNG,020,1,train
train/020_forg/02_0117020.PNG,020,1,train
train/020_forg/02_0127020.PNG,020,1,train
train/020_forg/04_0127020.PNG,020,1,train
train/020_forg/03_0105020.PNG,020,1,train
train/020_forg/01_0105020.PNG,020,1,train
train/020_forg/02_0213020.PNG,020,1,train
train/020_forg/01_0127020.PNG,020,1,train
train/020_forg/03_0117020.PNG,020,1,train
train/020_forg/04_0105020.PNG,020,1,train
train/020_forg/04_0117020.PNG,020,1,train
train/020_forg/04_0101020.PNG,020,1,train
train/020_forg/04_0213020.PNG,020,1,train
train/002_forg/0118002_01.png,002,1,train
train/002_forg/0110002_02.png,002,1,train
train/002_forg/0108002_02.png,002,1,train
train/002_forg/0108002_03.png,002,1,train
train/002_forg/0118002_04.png,002,1,train
train/002_forg/0108002_01.png,002,1,train
train/002_forg/0110002_03.png,002,1,train
train/002_forg/0108002_04.png,002,1,train
train/002_forg/0118002_03.png,002,1,train
train/002_forg/0118002_02.png,002,1,train
train/002_forg/0110002_04.png,002,1,train
train/002_forg/0110002_01.png,002,1,train
train/016_forg/0127016_01.png,016,1,train
train/016_forg/0202016_04.png,016,1,train
train/016_forg/0110016_01.png,016,1,train
train/016_forg/0110016_04.png,016,1,train
train/016_forg/0127016_04.png,016,1,train
train/016_forg/0110016_02.png,016,1,train
train/016_forg/0127016_03.png,016,1,train
train/016_forg/0127016_02.png,016,1,train
train/016_forg/0107016_03.png,016,1,train
train/016_forg/0202016_02.png,016,1,train
train/016_forg/0202016_01.png,016,1,train
train/016_forg/0107016_01.png,016,1,train
train/016_forg/0202016_03.png,016,1,train
train/016_forg/0107016_04.png,016,1,train
train/016_forg/0107016_02.png,016,1,train
train/016_forg/0110016_03.png,016,1,train
train/047_forg/02_0212047.PNG,047,1,train
train/047_forg/01_0114047.PNG,047,1,train
train/047_forg/01_0113047.PNG,047,1,train
train/047_forg/04_0113047.PNG,047,1,train
train/047_forg/03_0212047.PNG,047,1,train
train/047_forg/02_0113047.PNG,047,1,train
train/047_forg/01_0212047.PNG,047,1,train
train/047_forg/03_0113047.PNG,047,1,train
train/047_forg/03_0114047.PNG,047,1,train
train/047_forg/04_0114047.PNG,047,1,train
train/047_forg/02_0114047.PNG,047,1,train
train/047_forg/04_0212047.PNG,047,1,train
train/047/07_047.png,047,0,train
train/047/08_047.png,047,0,train
train/047/06_047.png,047,0,train
train/047/01_047.png,047,0,train
train/047/09_047.png,047,0,train
train/047/02_047.png,047,0,train
train/047/10_047.png,047,0,train
train/047/03_047.png,047,0,train
train/047/11_047.png,047,0,train
train/047/12_047.png,047,0,train
train/047/04_047.png,047,0,train
train/047/05_047.png,047,0,train
train/064/10_064.png,064,0,train
train/064/06_064.png,064,0,train
train/064/11_064.png,064,0,train
train/064/02_064.png,064,0,train
train/064/09_064.png,064,0,train
train/064/07_064.png,064,0,train
train/064/01_064.png,064,0,train
train/064/03_064.png,064,0,train
train/064/12_064.png,064,0,train
train/064/08_064.png,064,0,train
train/064/05_064.png,064,0,train
train/064/04_064.png,064,0,train
train/054_forg/04_0102054.PNG,054,1,train
train/054_forg/02_0102054.PNG,054,1,train
train/054_forg/01_0214054.PNG,054,1,train
train/054_forg/03_0124054.PNG,054,1,train
train/054_forg/03_0208054.PNG,054,1,train
train/054_forg/01_0102054.PNG,054,1,train
train/054_forg/02_0124054.PNG,054,1,train
train/054_forg/01_0208054.PNG,054,1,train
train/054_forg/04_0124054.PNG,054,1,train
train/054_forg/04_0214054.PNG,054,1,train
train/054_forg/02_0214054.PNG,054,1,train
train/054_forg/02_0208054.PNG,054,1,train
train/054_forg/01_0207054.PNG,054,1,train
train/054_forg/03_0102054.PNG,054,1,train
train/054_forg/02_0207054.PNG,054,1,train
train/054_forg/03_0207054.PNG,054,1,train
train/054_forg/04_0208054.PNG,054,1,train
train/054_forg/04_0207054.PNG,054,1,train
train/054_forg/03_0214054.PNG,054,1,train
train/054_forg/01_0124054.PNG,054,1,train
train/023_forg/03_0126023.PNG,023,1,train
train/023_forg/02_0203023.PNG,023,1,train
train/023_forg/01_0126023.PNG,023,1,train
train/023_forg/02_0126023.PNG,023,1,train
train/023_forg/04_0203023.PNG,023,1,train
train/023_forg/03_0203023.PNG,023,1,train
train/023_forg/01_0203023.PNG,023,1,train
train/023_forg/04_0126023.PNG,023,1,train
train/004/004_20.PNG,004,0,train
train/004/004_14.PNG,004,0,train
train/004/004_19.PNG,004,0,train
train/004/004_15.PNG,004,0,train
train/004/004_05.PNG,004,0,train
train/004/004_18.PNG,004,0,train
train/004/004_02.PNG,004,0,train
train/004/004_12.PNG,004,0,train
train/004/004_08.PNG,004,0,train
train/004/004_09.PNG,004,0,train
train/004/004_21.PNG,004,0,train
train/004/004_03.PNG,004,0,train
train/004/004_13.PNG,004,0,train
train/004/004_16.PNG,004,0,train
train/004/004_17.PNG,004,0,train
train/004/004_06.PNG,004,0,train
train/004/004_10.PNG,004,0,train
train/004/004_24.PNG,004,0,train
train/004/004_22.PNG,004,0,train
train/004/004_04.PNG,004,0,train
train/004/004_23.PNG,004,0,train
train/004/004_01.PNG,004,0,train
train/004/004_07.PNG,004,0,train
train/004/004_11.PNG,004,0,train
train/053/12_053.png,053,0,train
train/053/09_053.png,053,0,train
train/053/07_053.png,053,0,train
train/053/05_053.png,053,0,train
train/053/06_053.png,053,0,train
train/053/03_053.png,053,0,train
train/053/11_053.png,053,0,train
train/053/02_053.png,053,0,train
train/053/08_053.png,053,0,train
train/053/10_053.png,053,0,train
train/053/04_053.png,053,0,train
train/053/01_053.png,053,0,train
train/057_forg/04_0208057.PNG,057,1,train
train/057_forg/02_0117057.PNG,057,1,train
train/057_forg/02_0210057.PNG,057,1,train
train/057_forg/04_0117057.PNG,057,1,train
train/057_forg/02_0208057.PNG,057,1,train
train/057_forg/03_0208057.PNG,057,1,train
train/057_forg/03_0210057.PNG,057,1,train
train/057_forg/03_0117057.PNG,057,1,train
train/057_forg/01_0117057.PNG,057,1,train
train/057_forg/01_0208057.PNG,057,1,train
train/057_forg/01_0210057.PNG,057,1,train
train/057_forg/04_0210057.PNG,057,1,train
train/058/09_058.png,058,0,train
train/058/04_058.png,058,0,train
train/058/05_058.png,058,0,train
train/058/01_058.png,058,0,train
train/058/12_058.png,058,0,train
train/058/06_058.png,058,0,train
train/058/08_058.png,058,0,train
train/058/11_058.png,058,0,train
train/058/02_058.png,058,0,train
train/058/07_058.png,058,0,train
train/058/03_058.png,058,0,train
train/058/10_058.png,058,0,train
train/062/02_062.png,062,0,train
train/062/04_062.png,062,0,train
train/062/11_062.png,062,0,train
train/062/03_062.png,062,0,train
train/062/09_062.png,062,0,train
train/062/01_062.png,062,0,train
train/062/12_062.png,062,0,train
train/062/06_062.png,062,0,train
train/062/10_062.png,062,0,train
train/062/07_062.png,062,0,train
train/062/05_062.png,062,0,train
train/062/08_062.png,062,0,train
train/035/05_035.png,035,0,train
train/035/11_035.png,035,0,train
train/035/09_035.png,035,0,train
train/035/12_035.png,035,0,train
train/035/04_035.png,035,0,train
train/035/10_035.png,035,0,train
train/035/08_035.png,035,0,train
train/035/02_035.png,035,0,train
train/035/07_035.png,035,0,train
train/035/03_035.png,035,0,train
train/035/01_035.png,035,0,train
train/035/06_035.png,035,0,train
train/066_forg/01_0211066.PNG,066,1,train
train/066_forg/02_0101066.PNG,066,1,train
train/066_forg/02_0211066.PNG,066,1,train
train/066_forg/02_0212066.PNG,066,1,train
train/066_forg/01_0127066.PNG,066,1,train
train/066_forg/04_0211066.PNG,066,1,train
train/066_forg/03_0101066.PNG,066,1,train
train/066_forg/01_0212066.PNG,066,1,train
train/066_forg/04_0101066.PNG,066,1,train
train/066_forg/04_0127066.PNG,066,1,train
train/066_forg/03_0127066.PNG,066,1,train
train/066_forg/03_0212066.PNG,066,1,train
train/066_forg/02_0127066.PNG,066,1,train
train/066_forg/01_0101066.PNG,066,1,train
train/066_forg/04_0212066.PNG,066,1,train
train/066_forg/03_0211066.PNG,066,1,train
train/044/07_044.png,044,0,train
train/044/10_044.png,044,0,train
train/044/01_044.png,044,0,train
train/044/08_044.png,044,0,train
train/044/02_044.png,044,0,train
train/044/03_044.png,044,0,train
train/044/09_044.png,044,0,train
train/044/12_044.png,044,0,train
train/044/05_044.png,044,0,train
train/044/11_044.png,044,0,train
train/044/04_044.png,044,0,train
train/044/06_044.png,044,0,train
train/031_forg/02_0121031.PNG,031,1,train
train/031_forg/01_0121031.PNG,031,1,train
train/031_forg/01_0103031.PNG,031,1,train
train/031_forg/03_0121031.PNG,031,1,train
train/031_forg/02_0103031.PNG,031,1,train
train/031_forg/04_0103031.PNG,031,1,train
train/031_forg/04_0121031.PNG,031,1,train
train/031_forg/03_0103031.PNG,031,1,train
train/033/12_033.png,033,0,train
train/033/08_033.png,033,0,train
train/033/06_033.png,033,0,train
train/033/05_033.png,033,0,train
train/033/01_033.png,033,0,train
train/033/11_033.png,033,0,train
train/033/10_033.png,033,0,train
train/033/03_033.png,033,0,train
train/033/09_033.png,033,0,train
train/033/02_033.png,033,0,train
train/033/07_033.png,033,0,train
train/033/04_033.png,033,0,train
train/068/06_068.png,068,0,train
train/068/03_068.png,068,0,train
train/068/10_068.png,068,0,train
train/068/01_068.png,068,0,train
train/068/07_068.png,068,0,train
train/068/09_068.png,068,0,train
train/068/12_068.png,068,0,train
train/068/05_068.png,068,0,train
train/068/11_068.png,068,0,train
train/068/04_068.png,068,0,train
train/068/02_068.png,068,0,train
train/068/08_068.png,068,0,train
train/063_forg/03_0108063.PNG,063,1,train
train/063_forg/03_0104063.PNG,063,1,train
train/063_forg/02_0119063.PNG,063,1,train
train/063_forg/01_0104063.PNG,063,1,train
train/063_forg/01_0119063.PNG,063,1,train
train/063_forg/04_0104063.PNG,063,1,train
train/063_forg/04_0108063.PNG,063,1,train
train/063_forg/04_0119063.PNG,063,1,train
train/063_forg/03_0119063.PNG,063,1,train
train/063_forg/01_0108063.PNG,063,1,train
train/063_forg/02_0108063.PNG,063,1,train
train/063_forg/02_0104063.PNG,063,1,train
train/056_forg/03_0115056.PNG,056,1,train
train/056_forg/03_0105056.PNG,056,1,train
train/056_forg/04_0105056.PNG,056,1,train
train/056_forg/02_0115056.PNG,056,1,train
train/056_forg/01_0115056.PNG,056,1,train
train/056_forg/01_0105056.PNG,056,1,train
train/056_forg/04_0115056.PNG,056,1,train
train/056_forg/02_0105056.PNG,056,1,train
train/017/12_017.png,017,0,train
train/017/08_017.png,017,0,train
train/017/06_017.png,017,0,train
train/017/02_017.png,017,0,train
train/017/03_017.png,017,0,train
train/017/10_017.png,017,0,train
train/017/01_017.png,017,0,train
train/017/09_017.png,017,0,train
train/017/05_017.png,017,0,train
train/017/04_017.png,017,0,train
train/017/07_017.png,017,0,train
train/017/11_017.png,017,0,train
train/029/11_029.png,029,0,train
train/029/02_029.png,029,0,train
train/029/03_029.png,029,0,train
train/029/08_029.png,029,0,train
train/029/05_029.png,029,0,train
train/029/12_029.png,029,0,train
train/029/10_029.png,029,0,train
train/029/06_029.png,029,0,train
train/029/07_029.png,029,0,train
train/029/09_029.png,029,0,train
train/029/01_029.png,029,0,train
train/029/04_029.png,029,0,train
train/043_forg/04_0111043.PNG,043,1,train
train/043_forg/04_0201043.PNG,043,1,train
train/043_forg/02_0201043.PNG,043,1,train
train/043_forg/01_0201043.PNG,043,1,train
train/043_forg/01_0111043.PNG,043,1,train
train/043_forg/02_0211043.PNG,043,1,train
train/043_forg/03_0201043.PNG,043,1,train
train/043_forg/03_0211043.PNG,043,1,train
train/043_forg/04_0211043.PNG,043,1,train
train/043_forg/03_0111043.PNG,043,1,train
train/043_forg/02_0111043.PNG,043,1,train
train/043_forg/01_0211043.PNG,043,1,train
train/027_forg/04_0212027.PNG,027,1,train
train/027_forg/02_0212027.PNG,027,1,train
train/027_forg/02_0101027.PNG,027,1,train
train/027_forg/04_0101027.PNG,027,1,train
train/027_forg/01_0212027.PNG,027,1,train
train/027_forg/03_0101027.PNG,027,1,train
train/027_forg/01_0101027.PNG,027,1,train
train/027_forg/03_0212027.PNG,027,1,train
train/051/06_051.png,051,0,train
train/051/10_051.png,051,0,train
train/051/01_051.png,051,0,train
train/051/12_051.png,051,0,train
train/051/02_051.png,051,0,train
train/051/11_051.png,051,0,train
train/051/03_051.png,051,0,train
train/051/05_051.png,051,0,train
train/051/07_051.png,051,0,train
train/051/08_051.png,051,0,train
train/051/09_051.png,051,0,train
train/051/04_051.png,051,0,train
train/053_forg/03_0107053.PNG,053,1,train
train/053_forg/04_0115053.PNG,053,1,train
train/053_forg/03_0202053.PNG,053,1,train
train/053_forg/02_0202053.PNG,053,1,train
train/053_forg/01_0202053.PNG,053,1,train
train/053_forg/02_0115053.PNG,053,1,train
train/053_forg/04_0202053.PNG,053,1,train
train/053_forg/03_0207053.PNG,053,1,train
train/053_forg/02_0107053.PNG,053,1,train
train/053_forg/04_0207053.PNG,053,1,train
train/053_forg/04_0107053.PNG,053,1,train
train/053_forg/01_0115053.PNG,053,1,train
train/053_forg/02_0207053.PNG,053,1,train
train/053_forg/03_0115053.PNG,053,1,train
train/053_forg/01_0207053.PNG,053,1,train
train/053_forg/01_0107053.PNG,053,1,train
train/025/11_025.png,025,0,train
train/025/06_025.png,025,0,train
train/025/09_025.png,025,0,train
train/025/07_025.png,025,0,train
train/025/05_025.png,025,0,train
train/025/12_025.png,025,0,train
train/025/08_025.png,025,0,train
train/025/02_025.png,025,0,train
train/025/04_025.png,025,0,train
train/025/01_025.png,025,0,train
train/025/10_025.png,025,0,train
train/025/03_025.png,025,0,train
train/051_forg/02_0104051.PNG,051,1,train
train/051_forg/02_0120051.PNG,051,1,train
train/051_forg/04_0120051.PNG,051,1,train
train/051_forg/01_0120051.PNG,051,1,train
train/051_forg/01_0104051.PNG,051,1,train
train/051_forg/03_0120051.PNG,051,1,train
train/051_forg/03_0104051.PNG,051,1,train
train/051_forg/04_0104051.PNG,051,1,train
train/019/05_019.png,019,0,train
train/019/02_019.png,019,0,train
train/019/04_019.png,019,0,train
train/019/11_019.png,019,0,train
train/019/07_019.png,019,0,train
train/019/10_019.png,019,0,train
train/019/09_019.png,019,0,train
train/019/03_019.png,019,0,train
train/019/12_019.png,019,0,train
train/019/01_019.png,019,0,train
train/019/06_019.png,019,0,train
train/019/08_019.png,019,0,train
train/022/07_022.png,022,0,train
train/022/12_022.png,022,0,train
train/022/05_022.png,022,0,train
train/022/08_022.png,022,0,train
train/022/09_022.png,022,0,train
train/022/11_022.png,022,0,train
train/022/03_022.png,022,0,train
train/022/10_022.png,022,0,train
train/022/01_022.png,022,0,train
train/022/04_022.png,022,0,train
train/022/06_022.png,022,0,train
train/022/02_022.png,022,0,train
train/029_forg/03_0104029.PNG,029,1,train
train/029_forg/03_0115029.PNG,029,1,train
train/029_forg/01_0115029.PNG,029,1,train
train/029_forg/04_0115029.PNG,029,1,train
train/029_forg/02_0115029.PNG,029,1,train
train/029_forg/02_0203029.PNG,029,1,train
train/029_forg/01_0203029.PNG,029,1,train
train/029_forg/01_0104029.PNG,029,1,train
train/029_forg/02_0104029.PNG,029,1,train
train/029_forg/04_0104029.PNG,029,1,train
train/029_forg/03_0203029.PNG,029,1,train
train/029_forg/04_0203029.PNG,029,1,train
train/027/03_027.png,027,0,train
train/027/12_027.png,027,0,train
train/027/08_027.png,027,0,train
train/027/09_027.png,027,0,train
train/027/02_027.png,027,0,train
train/027/04_027.png,027,0,train
train/027/10_027.png,027,0,train
train/027/11_027.png,027,0,train
train/027/07_027.png,027,0,train
train/027/06_027.png,027,0,train
train/027/05_027.png,027,0,train
train/027/01_027.png,027,0,train
train/056/03_056.png,056,0,train
train/056/07_056.png,056,0,train
train/056/02_056.png,056,0,train
train/056/10_056.png,056,0,train
train/056/09_056.png,056,0,train
train/056/08_056.png,056,0,train
train/056/01_056.png,056,0,train
train/056/12_056.png,056,0,train
train/056/04_056.png,056,0,train
train/056/06_056.png,056,0,train
train/056/05_056.png,056,0,train
train/056/11_056.png,056,0,train
train/069/11_069.png,069,0,train
train/069/10_069.png,069,0,train
train/069/07_069.png,069,0,train
train/069/03_069.png,069,0,train
train/069/06_069.png,069,0,train
train/069/09_069.png,069,0,train
train/069/12_069.png,069,0,train
train/069/05_069.png,069,0,train
train/069/02_069.png,069,0,train
train/069/01_069.png,069,0,train
train/069/04_069.png,069,0,train
train/069/08_069.png,069,0,train
train/032_forg/04_0117032.PNG,032,1,train
train/032_forg/02_0120032.PNG,032,1,train
train/032_forg/03_0117032.PNG,032,1,train
train/032_forg/01_0112032.PNG,032,1,train
train/032_forg/02_0112032.PNG,032,1,train
train/032_forg/02_0117032.PNG,032,1,train
train/032_forg/03_0120032.PNG,032,1,train
train/032_forg/03_0112032.PNG,032,1,train
train/032_forg/01_0117032.PNG,032,1,train
train/032_forg/04_0112032.PNG,032,1,train
train/032_forg/04_0120032.PNG,032,1,train
train/032_forg/01_0120032.PNG,032,1,train
train/025_forg/04_0116025.PNG,025,1,train
train/025_forg/02_0121025.PNG,025,1,train
train/025_forg/04_0121025.PNG,025,1,train
train/025_forg/01_0121025.PNG,025,1,train
train/025_forg/02_0116025.PNG,025,1,train
train/025_forg/01_0116025.PNG,025,1,train
train/025_forg/03_0121025.PNG,025,1,train
train/025_forg/03_0116025.PNG,025,1,train
train/067_forg/03_0205067.PNG,067,1,train
train/067_forg/04_0212067.PNG,067,1,train
train/067_forg/01_0212067.PNG,067,1,train
train/067_forg/01_0205067.PNG,067,1,train
train/067_forg/03_0212067.PNG,067,1,train
train/067_forg/02_0212067.PNG,067,1,train
train/067_forg/02_0205067.PNG,067,1,train
train/067_forg/04_0205067.PNG,067,1,train
train/006_forg/0111006_02.png,006,1,train
train/006_forg/0205006_03.png,006,1,train
train/006_forg/0202006_02.png,006,1,train
train/006_forg/0111006_04.png,006,1,train
train/006_forg/0111006_01.png,006,1,train
train/006_forg/0202006_01.png,006,1,train
train/006_forg/0202006_04.png,006,1,train
train/006_forg/0205006_04.png,006,1,train
train/006_forg/0111006_03.png,006,1,train
train/006_forg/0205006_01.png,006,1,train
train/006_forg/0205006_02.png,006,1,train
train/006_forg/0202006_03.png,006,1,train
train/046_forg/03_0108046.PNG,046,1,train
train/046_forg/03_0123046.PNG,046,1,train
train/046_forg/02_0108046.PNG,046,1,train
train/046_forg/03_0107046.PNG,046,1,train
train/046_forg/01_0108046.PNG,046,1,train
train/046_forg/04_0108046.PNG,046,1,train
train/046_forg/04_0107046.PNG,046,1,train
train/046_forg/04_0123046.PNG,046,1,train
train/046_forg/02_0123046.PNG,046,1,train
train/046_forg/01_0107046.PNG,046,1,train
train/046_forg/02_0107046.PNG,046,1,train
train/046_forg/01_0123046.PNG,046,1,train
train/032/06_032.png,032,0,train
train/032/11_032.png,032,0,train
train/032/09_032.png,032,0,train
train/032/12_032.png,032,0,train
train/032/02_032.png,032,0,train
train/032/08_032.png,032,0,train
train/032/03_032.png,032,0,train
train/032/10_032.png,032,0,train
train/032/05_032.png,032,0,train
train/032/01_032.png,032,0,train
train/032/07_032.png,032,0,train
train/032/04_032.png,032,0,train
train/049_forg/04_0206049.PNG,049,1,train
train/049_forg/02_0210049.PNG,049,1,train
train/049_forg/02_0114049.PNG,049,1,train
train/049_forg/01_0210049.PNG,049,1,train
train/049_forg/03_0210049.PNG,049,1,train
train/049_forg/02_0206049.PNG,049,1,train
train/049_forg/03_0114049.PNG,049,1,train
train/049_forg/04_0210049.PNG,049,1,train
train/049_forg/04_0114049.PNG,049,1,train
train/049_forg/01_0206049.PNG,049,1,train
train/049_forg/01_0114049.PNG,049,1,train
train/049_forg/03_0206049.PNG,049,1,train
train/021_forg/02_0211021.PNG,021,1,train
train/021_forg/01_0110021.PNG,021,1,train
train/021_forg/03_0204021.PNG,021,1,train
train/021_forg/02_0204021.PNG,021,1,train
train/021_forg/01_0204021.PNG,021,1,train
train/021_forg/03_0110021.PNG,021,1,train
train/021_forg/01_0211021.PNG,021,1,train
train/021_forg/02_0110021.PNG,021,1,train
train/021_forg/04_0204021.PNG,021,1,train
train/021_forg/04_0211021.PNG,021,1,train
train/021_forg/03_0211021.PNG,021,1,train
train/021_forg/04_0110021.PNG,021,1,train
train/065_forg/04_0118065.PNG,065,1,train
train/065_forg/02_0118065.PNG,065,1,train
train/065_forg/04_0206065.PNG,065,1,train
train/065_forg/02_0206065.PNG,065,1,train
train/065_forg/01_0118065.PNG,065,1,train
train/065_forg/03_0206065.PNG,065,1,train
train/065_forg/01_0206065.PNG,065,1,train
train/065_forg/03_0118065.PNG,065,1,train
train/022_forg/04_0208022.PNG,022,1,train
train/022_forg/04_0214022.PNG,022,1,train
train/022_forg/02_0208022.PNG,022,1,train
train/022_forg/03_0125022.PNG,022,1,train
train/022_forg/02_0214022.PNG,022,1,train
train/022_forg/01_0208022.PNG,022,1,train
train/022_forg/01_0127022.PNG,022,1,train
train/022_forg/01_0125022.PNG,022,1,train
train/022_forg/03_0214022.PNG,022,1,train
train/022_forg/04_0125022.PNG,022,1,train
train/022_forg/03_0127022.PNG,022,1,train
train/022_forg/02_0127022.PNG,022,1,train
train/022_forg/03_0208022.PNG,022,1,train
train/022_forg/01_0214022.PNG,022,1,train
train/022_forg/02_0125022.PNG,022,1,train
train/022_forg/04_0127022.PNG,022,1,train
train/048/05_048.png,048,0,train
train/048/02_048.png,048,0,train
train/048/01_048.png,048,0,train
train/048/08_048.png,048,0,train
train/048/03_048.png,048,0,train
train/048/11_048.png,048,0,train
train/048/09_048.png,048,0,train
train/048/07_048.png,048,0,train
train/048/10_048.png,048,0,train
train/048/12_048.png,048,0,train
train/048/04_048.png,048,0,train
train/048/06_048.png,048,0,train
train/055/07_055.png,055,0,train
train/055/12_055.png,055,0,train
train/055/10_055.png,055,0,train
train/055/01_055.png,055,0,train
train/055/05_055.png,055,0,train
train/055/04_055.png,055,0,train
train/055/09_055.png,055,0,train
train/055/08_055.png,055,0,train
train/055/06_055.png,055,0,train
train/055/02_055.png,055,0,train
train/055/11_055.png,055,0,train
train/055/03_055.png,055,0,train
train/061_forg/02_0102061.PNG,061,1,train
train/061_forg/01_0206061.PNG,061,1,train
train/061_forg/03_0102061.PNG,061,1,train
train/061_forg/02_0206061.PNG,061,1,train
train/061_forg/02_0112061.PNG,061,1,train
train/061_forg/04_0112061.PNG,061,1,train
train/061_forg/04_0102061.PNG,061,1,train
train/061_forg/01_0102061.PNG,061,1,train
train/061_forg/03_0206061.PNG,061,1,train
train/061_forg/04_0206061.PNG,061,1,train
train/061_forg/01_0112061.PNG,061,1,train
train/061_forg/03_0112061.PNG,061,1,train
train/066/10_066.png,066,0,train
train/066/04_066.png,066,0,train
train/066/09_066.png,066,0,train
train/066/02_066.png,066,0,train
train/066/08_066.png,066,0,train
train/066/01_066.png,066,0,train
train/066/12_066.png,066,0,train
train/066/03_066.png,066,0,train
train/066/07_066.png,066,0,train
train/066/11_066.png,066,0,train
train/066/05_066.png,066,0,train
train/066/06_066.png,066,0,train
train/060_forg/02_0111060.PNG,060,1,train
train/060_forg/04_0111060.PNG,060,1,train
train/060_forg/02_0121060.PNG,060,1,train
train/060_forg/04_0126060.PNG,060,1,train
train/060_forg/02_0126060.PNG,060,1,train
train/060_forg/04_0121060.PNG,060,1,train
train/060_forg/01_0121060.PNG,060,1,train
train/060_forg/01_0111060.PNG,060,1,train
train/060_forg/03_0126060.PNG,060,1,train
train/060_forg/03_0121060.PNG,060,1,train
train/060_forg/01_0126060.PNG,060,1,train
train/060_forg/03_0111060.PNG,060,1,train
train/054/12_054.png,054,0,train
train/054/01_054.png,054,0,train
train/054/04_054.png,054,0,train
train/054/10_054.png,054,0,train
train/054/05_054.png,054,0,train
train/054/09_054.png,054,0,train
train/054/06_054.png,054,0,train
train/054/03_054.png,054,0,train
train/054/07_054.png,054,0,train
train/054/02_054.png,054,0,train
train/054/11_054.png,054,0,train
train/054/08_054.png,054,0,train
train/018_forg/01_0106018.PNG,018,1,train
train/018_forg/04_0106018.PNG,018,1,train
train/018_forg/03_0202018.PNG,018,1,train
train/018_forg/03_0112018.PNG,018,1,train
train/018_forg/02_0202018.PNG,018,1,train
train/018_forg/02_0112018.PNG,018,1,train
train/018_forg/02_0106018.PNG,018,1,train
train/018_forg/01_0112018.PNG,018,1,train
train/018_forg/01_0202018.PNG,018,1,train
train/018_forg/04_0202018.PNG,018,1,train
train/018_forg/04_0112018.PNG,018,1,train
train/018_forg/03_0106018.PNG,018,1,train
train/009/009_24.PNG,009,0,train
train/009/009_05.PNG,009,0,train
train/009/009_14.PNG,009,0,train
train/009/009_02.PNG,009,0,train
train/009/009_16.PNG,009,0,train
train/009/009_07.PNG,009,0,train
train/009/009_10.PNG,009,0,train
train/009/009_08.PNG,009,0,train
train/009/009_12.PNG,009,0,train
train/009/009_09.PNG,009,0,train
train/009/009_21.PNG,009,0,train
train/009/009_13.PNG,009,0,train
train/009/009_22.PNG,009,0,train
train/009/009_04.PNG,009,0,train
train/009/009_11.PNG,009,0,train
train/009/009_01.PNG,009,0,train
train/009/009_06.PNG,009,0,train
train/009/009_17.PNG,009,0,train
train/009/009_15.PNG,009,0,train
train/009/009_23.PNG,009,0,train
train/009/009_03.PNG,009,0,train
train/009/009_19.PNG,009,0,train
train/009/009_18.PNG,009,0,train
train/009/009_20.PNG,009,0,train
train/035_forg/02_0103035.PNG,035,1,train
train/035_forg/01_0201035.PNG,035,1,train
train/035_forg/02_0115035.PNG,035,1,train
train/035_forg/04_0115035.PNG,035,1,train
train/035_forg/03_0201035.PNG,035,1,train
train/035_forg/03_0115035.PNG,035,1,train
train/035_forg/01_0103035.PNG,035,1,train
train/035_forg/03_0103035.PNG,035,1,train
train/035_forg/04_0103035.PNG,035,1,train
train/035_forg/01_0115035.PNG,035,1,train
train/035_forg/02_0201035.PNG,035,1,train
train/035_forg/04_0201035.PNG,035,1,train
train/068_forg/01_0113068.PNG,068,1,train
train/068_forg/02_0124068.PNG,068,1,train
train/068_forg/04_0113068.PNG,068,1,train
train/068_forg/02_0113068.PNG,068,1,train
train/068_forg/03_0124068.PNG,068,1,train
train/068_forg/04_0124068.PNG,068,1,train
train/068_forg/03_0113068.PNG,068,1,train
train/068_forg/01_0124068.PNG,068,1,train
train/001/001_15.PNG,001,0,train
train/001/001_05.PNG,001,0,train
train/001/001_13.PNG,001,0,train
train/001/001_14.PNG,001,0,train
train/001/001_19.PNG,001,0,train
train/001/001_10.PNG,001,0,train
train/001/001_07.PNG,001,0,train
train/001/001_12.PNG,001,0,train
train/001/001_09.PNG,001,0,train
train/001/001_08.PNG,001,0,train
train/001/001_03.PNG,001,0,train
train/001/001_02.PNG,001,0,train
train/001/001_22.PNG,001,0,train
train/001/001_11.PNG,001,0,train
train/001/001_16.PNG,001,0,train
train/001/001_01.PNG,001,0,train
train/001/001_04.PNG,001,0,train
train/001/001_23.PNG,001,0,train
train/001/001_20.PNG,001,0,train
train/001/001_17.PNG,001,0,train
train/001/001_24.PNG,001,0,train
train/001/001_18.PNG,001,0,train
train/001/001_06.PNG,001,0,train
train/001/001_21.PNG,001,0,train
train/055_forg/02_0202055.PNG,055,1,train
train/055_forg/02_0118055.PNG,055,1,train
train/055_forg/01_0120055.PNG,055,1,train
train/055_forg/04_0118055.PNG,055,1,train
train/055_forg/01_0202055.PNG,055,1,train
train/055_forg/03_0202055.PNG,055,1,train
train/055_forg/01_0118055.PNG,055,1,train
train/055_forg/02_0120055.PNG,055,1,train
train/055_forg/04_0120055.PNG,055,1,train
train/055_forg/03_0118055.PNG,055,1,train
train/055_forg/04_0202055.PNG,055,1,train
train/055_forg/03_0120055.PNG,055,1,train
train/013/04_013.png,013,0,train
train/013/02_013.png,013,0,train
train/013/09_013.png,013,0,train
train/013/12_013.png,013,0,train
train/013/05_013.png,013,0,train
train/013/10_013.png,013,0,train
train/013/06_013.png,013,0,train
train/013/03_013.png,013,0,train
train/013/11_013.png,013,0,train
train/013/01_013.png,013,0,train
train/013/07_013.png,013,0,train
train/013/08_013.png,013,0,train
train/024_forg/03_0120024.PNG,024,1,train
train/024_forg/02_0119024.PNG,024,1,train
train/024_forg/01_0120024.PNG,024,1,train
train/024_forg/04_0102024.PNG,024,1,train
train/024_forg/02_0102024.PNG,024,1,train
train/024_forg/03_0102024.PNG,024,1,train
train/024_forg/04_0120024.PNG,024,1,train
train/024_forg/03_0119024.PNG,024,1,train
train/024_forg/01_0119024.PNG,024,1,train
train/024_forg/01_0102024.PNG,024,1,train
train/024_forg/02_0120024.PNG,024,1,train
train/024_forg/04_0119024.PNG,024,1,train
train/033_forg/01_0112033.PNG,033,1,train
train/033_forg/04_0112033.PNG,033,1,train
train/033_forg/02_0213033.PNG,033,1,train
train/033_forg/03_0213033.PNG,033,1,train
train/033_forg/01_0213033.PNG,033,1,train
train/033_forg/03_0112033.PNG,033,1,train
train/033_forg/04_0205033.PNG,033,1,train
train/033_forg/04_0203033.PNG,033,1,train
train/033_forg/02_0112033.PNG,033,1,train
train/033_forg/02_0203033.PNG,033,1,train
train/033_forg/04_0213033.PNG,033,1,train
train/033_forg/01_0203033.PNG,033,1,train
train/033_forg/03_0203033.PNG,033,1,train
train/033_forg/01_0205033.PNG,033,1,train
train/033_forg/02_0205033.PNG,033,1,train
train/033_forg/03_0205033.PNG,033,1,train
train/014_forg/0102014_03.png,014,1,train
train/014_forg/0104014_02.png,014,1,train
train/014_forg/0208014_04.png,014,1,train
train/014_forg/0104014_03.png,014,1,train
train/014_forg/0104014_04.png,014,1,train
train/014_forg/0102014_01.png,014,1,train
train/014_forg/0214014_01.png,014,1,train
train/014_forg/0208014_03.png,014,1,train
train/014_forg/0214014_03.png,014,1,train
train/014_forg/0214014_02.png,014,1,train
train/014_forg/0102014_02.png,014,1,train
train/014_forg/0208014_01.png,014,1,train
train/014_forg/0208014_02.png,014,1,train
train/014_forg/0102014_04.png,014,1,train
train/014_forg/0214014_04.png,014,1,train
train/014_forg/0104014_01.png,014,1,train
train/019_forg/03_0116019.PNG,019,1,train
train/019_forg/02_0116019.PNG,019,1,train
train/019_forg/04_0119019.PNG,019,1,train
train/019_forg/04_0116019.PNG,019,1,train
train/019_forg/02_0115019.PNG,019,1,train
train/019_forg/01_0116019.PNG,019,1,train
train/019_forg/03_0119019.PNG,019,1,train
train/019_forg/02_0119019.PNG,019,1,train
train/019_forg/01_0115019.PNG,019,1,train
train/019_forg/04_0115019.PNG,019,1,train
train/019_forg/03_0115019.PNG,019,1,train
train/019_forg/01_0119019.PNG,019,1,train
train/020/04_020.png,020,0,train
train/020/07_020.png,020,0,train
train/020/06_020.png,020,0,train
train/020/01_020.png,020,0,train
train/020/11_020.png,020,0,train
train/020/08_020.png,020,0,train
train/020/03_020.png,020,0,train
train/020/05_020.png,020,0,train
train/020/10_020.png,020,0,train
train/020/09_020.png,020,0,train
train/020/02_020.png,020,0,train
train/020/12_020.png,020,0,train
test/058_forg/03_0109058.PNG,058,1,test
test/058_forg/02_0127058.PNG,058,1,test
test/058_forg/02_0110058.PNG,058,1,test
test/058_forg/04_0127058.PNG,058,1,test
test/058_forg/04_0125058.PNG,058,1,test
test/058_forg/04_0110058.PNG,058,1,test
test/058_forg/04_0109058.PNG,058,1,test
test/058_forg/02_0125058.PNG,058,1,test
test/058_forg/01_0127058.PNG,058,1,test
test/058_forg/03_0127058.PNG,058,1,test
test/058_forg/01_0125058.PNG,058,1,test
test/058_forg/01_0110058.PNG,058,1,test
test/058_forg/01_0109058.PNG,058,1,test
test/058_forg/03_0110058.PNG,058,1,test
test/058_forg/03_0125058.PNG,058,1,test
test/058_forg/02_0109058.PNG,058,1,test
test/062_forg/04_0116062.PNG,062,1,test
test/062_forg/04_0201062.PNG,062,1,test
test/062_forg/03_0116062.PNG,062,1,test
test/062_forg/04_0109062.PNG,062,1,test
test/062_forg/01_0109062.PNG,062,1,test
test/062_forg/03_0201062.PNG,062,1,test
test/062_forg/02_0116062.PNG,062,1,test
test/062_forg/03_0109062.PNG,062,1,test
test/062_forg/01_0201062.PNG,062,1,test
test/062_forg/01_0116062.PNG,062,1,test
test/062_forg/02_0109062.PNG,062,1,test
test/062_forg/02_0201062.PNG,062,1,test
test/050_forg/02_0204050.PNG,050,1,test
test/050_forg/03_0204050.PNG,050,1,test
test/050_forg/01_0125050.PNG,050,1,test
test/050_forg/02_0126050.PNG,050,1,test
test/050_forg/04_0125050.PNG,050,1,test
test/050_forg/03_0126050.PNG,050,1,test
test/050_forg/02_0125050.PNG,050,1,test
test/050_forg/01_0204050.PNG,050,1,test
test/050_forg/03_0125050.PNG,050,1,test
test/050_forg/04_0126050.PNG,050,1,test
test/050_forg/04_0204050.PNG,050,1,test
test/050_forg/01_0126050.PNG,050,1,test
test/064_forg/02_0203064.PNG,064,1,test
test/064_forg/02_0105064.PNG,064,1,test
test/064_forg/03_0105064.PNG,064,1,test
test/064_forg/04_0203064.PNG,064,1,test
test/064_forg/01_0105064.PNG,064,1,test
test/064_forg/04_0105064.PNG,064,1,test
test/064_forg/01_0203064.PNG,064,1,test
test/064_forg/03_0203064.PNG,064,1,test
test/067/04_067.png,067,0,test
test/067/01_067.png,067,0,test
test/067/09_067.png,067,0,test
test/067/12_067.png,067,0,test
test/067/08_067.png,067,0,test
test/067/07_067.png,067,0,test
test/067/05_067.png,067,0,test
test/067/11_067.png,067,0,test
test/067/06_067.png,067,0,test
test/067/03_067.png,067,0,test
test/067/02_067.png,067,0,test
test/067/10_067.png,067,0,test
test/061/04_061.png,061,0,test
test/061/02_061.png,061,0,test
test/061/11_061.png,061,0,test
test/061/05_061.png,061,0,test
test/061/01_061.png,061,0,test
test/061/08_061.png,061,0,test
test/061/09_061.png,061,0,test
test/061/06_061.png,061,0,test
test/061/03_061.png,061,0,test
test/061/07_061.png,061,0,test
test/061/12_061.png,061,0,test
test/061/10_061.png,061,0,test
test/063/04_063.png,063,0,test
test/063/12_063.png,063,0,test
test/063/06_063.png,063,0,test
test/063/07_063.png,063,0,test
test/063/05_063.png,063,0,test
test/063/01_063.png,063,0,test
test/063/02_063.png,063,0,test
test/063/11_063.png,063,0,test
test/063/08_063.png,063,0,test
test/063/03_063.png,063,0,test
test/063/09_063.png,063,0,test
test/063/10_063.png,063,0,test
test/052/09_052.png,052,0,test
test/052/06_052.png,052,0,test
test/052/05_052.png,052,0,test
test/052/03_052.png,052,0,test
test/052/08_052.png,052,0,test
test/052/07_052.png,052,0,test
test/052/01_052.png,052,0,test
test/052/02_052.png,052,0,test
test/052/11_052.png,052,0,test
test/052/04_052.png,052,0,test
test/052/10_052.png,052,0,test
test/052/12_052.png,052,0,test
test/059_forg/04_0125059.PNG,059,1,test
test/059_forg/01_0125059.PNG,059,1,test
test/059_forg/04_0104059.PNG,059,1,test
test/059_forg/03_0104059.PNG,059,1,test
test/059_forg/02_0104059.PNG,059,1,test
test/059_forg/01_0104059.PNG,059,1,test
test/059_forg/03_0125059.PNG,059,1,test
test/059_forg/02_0125059.PNG,059,1,test
test/057/05_057.png,057,0,test
test/057/10_057.png,057,0,test
test/057/06_057.png,057,0,test
test/057/03_057.png,057,0,test
test/057/02_057.png,057,0,test
test/057/01_057.png,057,0,test
test/057/11_057.png,057,0,test
test/057/09_057.png,057,0,test
test/057/08_057.png,057,0,test
test/057/12_057.png,057,0,test
test/057/07_057.png,057,0,test
test/057/04_057.png,057,0,test
test/052_forg/02_0210052.PNG,052,1,test
test/052_forg/04_0106052.PNG,052,1,test
test/052_forg/03_0109052.PNG,052,1,test
test/052_forg/01_0207052.PNG,052,1,test
test/052_forg/03_0106052.PNG,052,1,test
test/052_forg/03_0207052.PNG,052,1,test
test/052_forg/04_0207052.PNG,052,1,test
test/052_forg/01_0109052.PNG,052,1,test
test/052_forg/02_0207052.PNG,052,1,test
test/052_forg/04_0109052.PNG,052,1,test
test/052_forg/04_0210052.PNG,052,1,test
test/052_forg/01_0106052.PNG,052,1,test
test/052_forg/01_0210052.PNG,052,1,test
test/052_forg/02_0106052.PNG,052,1,test
test/052_forg/02_0109052.PNG,052,1,test
test/052_forg/03_0210052.PNG,052,1,test
test/050/06_050.png,050,0,test
test/050/08_050.png,050,0,test
test/050/11_050.png,050,0,test
test/050/10_050.png,050,0,test
test/050/02_050.png,050,0,test
test/050/05_050.png,050,0,test
test/050/01_050.png,050,0,test
test/050/04_050.png,050,0,test
test/050/09_050.png,050,0,test
test/050/03_050.png,050,0,test
test/050/07_050.png,050,0,test
test/050/12_050.png,050,0,test
test/069_forg/04_0111069.PNG,069,1,test
test/069_forg/01_0106069.PNG,069,1,test
test/069_forg/03_0108069.PNG,069,1,test
test/069_forg/01_0108069.PNG,069,1,test
test/069_forg/03_0111069.PNG,069,1,test
test/069_forg/04_0106069.PNG,069,1,test
test/069_forg/01_0111069.PNG,069,1,test
test/069_forg/02_0111069.PNG,069,1,test
test/069_forg/03_0106069.PNG,069,1,test
test/069_forg/02_0106069.PNG,069,1,test
test/069_forg/04_0108069.PNG,069,1,test
test/069_forg/02_0108069.PNG,069,1,test
test/049/06_049.png,049,0,test
test/049/04_049.png,049,0,test
test/049/07_049.png,049,0,test
test/049/05_049.png,049,0,test
test/049/03_049.png,049,0,test
test/049/08_049.png,049,0,test
test/049/10_049.png,049,0,test
test/049/09_049.png,049,0,test
test/049/12_049.png,049,0,test
test/049/02_049.png,049,0,test
test/049/11_049.png,049,0,test
test/049/01_049.png,049,0,test
test/060/11_060.png,060,0,test
test/060/04_060.png,060,0,test
test/060/01_060.png,060,0,test
test/060/08_060.png,060,0,test
test/060/12_060.png,060,0,test
test/060/07_060.png,060,0,test
test/060/06_060.png,060,0,test
test/060/10_060.png,060,0,test
test/060/03_060.png,060,0,test
test/060/09_060.png,060,0,test
test/060/02_060.png,060,0,test
test/060/05_060.png,060,0,test
test/059/04_059.png,059,0,test
test/059/12_059.png,059,0,test
test/059/01_059.png,059,0,test
test/059/02_059.png,059,0,test
test/059/08_059.png,059,0,test
test/059/03_059.png,059,0,test
test/059/10_059.png,059,0,test
test/059/05_059.png,059,0,test
test/059/06_059.png,059,0,test
test/059/07_059.png,059,0,test
test/059/09_059.png,059,0,test
test/059/11_059.png,059,0,test
test/065/11_065.png,065,0,test
test/065/07_065.png,065,0,test
test/065/06_065.png,065,0,test
test/065/01_065.png,065,0,test
test/065/08_065.png,065,0,test
test/065/02_065.png,065,0,test
test/065/04_065.png,065,0,test
test/065/03_065.png,065,0,test
test/065/05_065.png,065,0,test
test/065/12_065.png,065,0,test
test/065/09_065.png,065,0,test
test/065/10_065.png,065,0,test
test/064/10_064.png,064,0,test
test/064/06_064.png,064,0,test
test/064/11_064.png,064,0,test
test/064/02_064.png,064,0,test
test/064/09_064.png,064,0,test
test/064/07_064.png,064,0,test
test/064/01_064.png,064,0,test
test/064/03_064.png,064,0,test
test/064/12_064.png,064,0,test
test/064/08_064.png,064,0,test
test/064/05_064.png,064,0,test
test/064/04_064.png,064,0,test
test/054_forg/04_0102054.PNG,054,1,test
test/054_forg/02_0102054.PNG,054,1,test
test/054_forg/01_0214054.PNG,054,1,test
test/054_forg/03_0124054.PNG,054,1,test
test/054_forg/03_0208054.PNG,054,1,test
test/054_forg/01_0102054.PNG,054,1,test
test/054_forg/02_0124054.PNG,054,1,test
test/054_forg/01_0208054.PNG,054,1,test
test/054_forg/04_0124054.PNG,054,1,test
test/054_forg/04_0214054.PNG,054,1,test
test/054_forg/02_0214054.PNG,054,1,test
test/054_forg/02_0208054.PNG,054,1,test
test/054_forg/01_0207054.PNG,054,1,test
test/054_forg/03_0102054.PNG,054,1,test
test/054_forg/02_0207054.PNG,054,1,test
test/054_forg/03_0207054.PNG,054,1,test
test/054_forg/04_0208054.PNG,054,1,test
test/054_forg/04_0207054.PNG,054,1,test
test/054_forg/03_0214054.PNG,054,1,test
test/054_forg/01_0124054.PNG,054,1,test
test/053/12_053.png,053,0,test
test/053/09_053.png,053,0,test
test/053/07_053.png,053,0,test
test/053/05_053.png,053,0,test
test/053/06_053.png,053,0,test
test/053/03_053.png,053,0,test
test/053/11_053.png,053,0,test
test/053/02_053.png,053,0,test
test/053/08_053.png,053,0,test
test/053/10_053.png,053,0,test
test/053/04_053.png,053,0,test
test/053/01_053.png,053,0,test
test/057_forg/04_0208057.PNG,057,1,test
test/057_forg/02_0117057.PNG,057,1,test
test/057_forg/02_0210057.PNG,057,1,test
test/057_forg/04_0117057.PNG,057,1,test
test/057_forg/02_0208057.PNG,057,1,test
test/057_forg/03_0208057.PNG,057,1,test
test/057_forg/03_0210057.PNG,057,1,test
test/057_forg/03_0117057.PNG,057,1,test
test/057_forg/01_0117057.PNG,057,1,test
test/057_forg/01_0208057.PNG,057,1,test
test/057_forg/01_0210057.PNG,057,1,test
test/057_forg/04_0210057.PNG,057,1,test
test/058/09_058.png,058,0,test
test/058/04_058.png,058,0,test
test/058/05_058.png,058,0,test
test/058/01_058.png,058,0,test
test/058/12_058.png,058,0,test
test/058/06_058.png,058,0,test
test/058/08_058.png,058,0,test
test/058/11_058.png,058,0,test
test/058/02_058.png,058,0,test
test/058/07_058.png,058,0,test
test/058/03_058.png,058,0,test
test/058/10_058.png,058,0,test
test/062/02_062.png,062,0,test
test/062/04_062.png,062,0,test
test/062/11_062.png,062,0,test
test/062/03_062.png,062,0,test
test/062/09_062.png,062,0,test
test/062/01_062.png,062,0,test
test/062/12_062.png,062,0,test
test/062/06_062.png,062,0,test
test/062/10_062.png,062,0,test
test/062/07_062.png,062,0,test
test/062/05_062.png,062,0,test
test/062/08_062.png,062,0,test
test/066_forg/01_0211066.PNG,066,1,test
test/066_forg/02_0101066.PNG,066,1,test
test/066_forg/02_0211066.PNG,066,1,test
test/066_forg/02_0212066.PNG,066,1,test
test/066_forg/01_0127066.PNG,066,1,test
test/066_forg/04_0211066.PNG,066,1,test
test/066_forg/03_0101066.PNG,066,1,test
test/066_forg/01_0212066.PNG,066,1,test
test/066_forg/04_0101066.PNG,066,1,test
test/066_forg/04_0127066.PNG,066,1,test
test/066_forg/03_0127066.PNG,066,1,test
test/066_forg/03_0212066.PNG,066,1,test
test/066_forg/02_0127066.PNG,066,1,test
test/066_forg/01_0101066.PNG,066,1,test
test/066_forg/04_0212066.PNG,066,1,test
test/066_forg/03_0211066.PNG,066,1,test
test/068/06_068.png,068,0,test
test/068/03_068.png,068,0,test
test/068/10_068.png,068,0,test
test/068/01_068.png,068,0,test
test/068/07_068.png,068,0,test
test/068/09_068.png,068,0,test
test/068/12_068.png,068,0,test
test/068/05_068.png,068,0,test
test/068/11_068.png,068,0,test
test/068/04_068.png,068,0,test
test/068/02_068.png,068,0,test
test/068/08_068.png,068,0,test
test/063_forg/03_0108063.PNG,063,1,test
test/063_forg/03_0104063.PNG,063,1,test
test/063_forg/02_0119063.PNG,063,1,test
test/063_forg/01_0104063.PNG,063,1,test
test/063_forg/01_0119063.PNG,063,1,test
test/063_forg/04_0104063.PNG,063,1,test
test/063_forg/04_0108063.PNG,063,1,test
test/063_forg/04_0119063.PNG,063,1,test
test/063_forg/03_0119063.PNG,063,1,test
test/063_forg/01_0108063.PNG,063,1,test
test/063_forg/02_0108063.PNG,063,1,test
test/063_forg/02_0104063.PNG,063,1,test
test/056_forg/03_0115056.PNG,056,1,test
test/056_forg/03_0105056.PNG,056,1,test
test/056_forg/04_0105056.PNG,056,1,test
test/056_forg/02_0115056.PNG,056,1,test
test/056_forg/01_0115056.PNG,056,1,test
test/056_forg/01_0105056.PNG,056,1,test
test/056_forg/04_0115056.PNG,056,1,test
test/056_forg/02_0105056.PNG,056,1,test
test/051/06_051.png,051,0,test
test/051/10_051.png,051,0,test
test/051/01_051.png,051,0,test
test/051/12_051.png,051,0,test
test/051/02_051.png,051,0,test
test/051/11_051.png,051,0,test
test/051/03_051.png,051,0,test
test/051/05_051.png,051,0,test
test/051/07_051.png,051,0,test
test/051/08_051.png,051,0,test
test/051/09_051.png,051,0,test
test/051/04_051.png,051,0,test
test/053_forg/03_0107053.PNG,053,1,test
test/053_forg/04_0115053.PNG,053,1,test
test/053_forg/03_0202053.PNG,053,1,test
test/053_forg/02_0202053.PNG,053,1,test
test/053_forg/01_0202053.PNG,053,1,test
test/053_forg/02_0115053.PNG,053,1,test
test/053_forg/04_0202053.PNG,053,1,test
test/053_forg/03_0207053.PNG,053,1,test
test/053_forg/02_0107053.PNG,053,1,test
test/053_forg/04_0207053.PNG,053,1,test
test/053_forg/04_0107053.PNG,053,1,test
test/053_forg/01_0115053.PNG,053,1,test
test/053_forg/02_0207053.PNG,053,1,test
test/053_forg/03_0115053.PNG,053,1,test
test/053_forg/01_0207053.PNG,053,1,test
test/053_forg/01_0107053.PNG,053,1,test
test/051_forg/02_0104051.PNG,051,1,test
test/051_forg/02_0120051.PNG,051,1,test
test/051_forg/04_0120051.PNG,051,1,test
test/051_forg/01_0120051.PNG,051,1,test
test/051_forg/01_0104051.PNG,051,1,test
test/051_forg/03_0120051.PNG,051,1,test
test/051_forg/03_0104051.PNG,051,1,test
test/051_forg/04_0104051.PNG,051,1,test
test/056/03_056.png,056,0,test
test/056/07_056.png,056,0,test
test/056/02_056.png,056,0,test
test/056/10_056.png,056,0,test
test/056/09_056.png,056,0,test
test/056/08_056.png,056,0,test
test/056/01_056.png,056,0,test
test/056/12_056.png,056,0,test
test/056/04_056.png,056,0,test
test/056/06_056.png,056,0,test
test/056/05_056.png,056,0,test
test/056/11_056.png,056,0,test
test/069/11_069.png,069,0,test
test/069/10_069.png,069,0,test
test/069/07_069.png,069,0,test
test/069/03_069.png,069,0,test
test/069/06_069.png,069,0,test
test/069/09_069.png,069,0,test
test/069/12_069.png,069,0,test
test/069/05_069.png,069,0,test
test/069/02_069.png,069,0,test
test/069/01_069.png,069,0,test
test/069/04_069.png,069,0,test
test/069/08_069.png,069,0,test
test/067_forg/03_0205067.PNG,067,1,test
test/067_forg/04_0212067.PNG,067,1,test
test/067_forg/01_0212067.PNG,067,1,test
test/067_forg/01_0205067.PNG,067,1,test
test/067_forg/03_0212067.PNG,067,1,test
test/067_forg/02_0212067.PNG,067,1,test
test/067_forg/02_0205067.PNG,067,1,test
test/067_forg/04_0205067.PNG,067,1,test
test/049_forg/04_0206049.PNG,049,1,test
test/049_forg/02_0210049.PNG,049,1,test
test/049_forg/02_0114049.PNG,049,1,test
test/049_forg/01_0210049.PNG,049,1,test
test/049_forg/03_0210049.PNG,049,1,test
test/049_forg/02_0206049.PNG,049,1,test
test/049_forg/03_0114049.PNG,049,1,test
test/049_forg/04_0210049.PNG,049,1,test
test/049_forg/04_0114049.PNG,049,1,test
test/049_forg/01_0206049.PNG,049,1,test
test/049_forg/01_0114049.PNG,049,1,test
test/049_forg/03_0206049.PNG,049,1,test
test/065_forg/04_0118065.PNG,065,1,test
test/065_forg/02_0118065.PNG,065,1,test
test/065_forg/04_0206065.PNG,065,1,test
test/065_forg/02_0206065.PNG,065,1,test
test/065_forg/01_0118065.PNG,065,1,test
test/065_forg/03_0206065.PNG,065,1,test
test/065_forg/01_0206065.PNG,065,1,test
test/065_forg/03_0118065.PNG,065,1,test
test/055/07_055.png,055,0,test
test/055/12_055.png,055,0,test
test/055/10_055.png,055,0,test
test/055/01_055.png,055,0,test
test/055/05_055.png,055,0,test
test/055/04_055.png,055,0,test
test/055/09_055.png,055,0,test
test/055/08_055.png,055,0,test
test/055/06_055.png,055,0,test
test/055/02_055.png,055,0,test
test/055/11_055.png,055,0,test
test/055/03_055.png,055,0,test
test/061_forg/02_0102061.PNG,061,1,test
test/061_forg/01_0206061.PNG,061,1,test
test/061_forg/03_0102061.PNG,061,1,test
test/061_forg/02_0206061.PNG,061,1,test
test/061_forg/02_0112061.PNG,061,1,test
test/061_forg/04_0112061.PNG,061,1,test
test/061_forg/04_0102061.PNG,061,1,test
test/061_forg/01_0102061.PNG,061,1,test
test/061_forg/03_0206061.PNG,061,1,test
test/061_forg/04_0206061.PNG,061,1,test
test/061_forg/01_0112061.PNG,061,1,test
test/061_forg/03_0112061.PNG,061,1,test
test/066/10_066.png,066,0,test
test/066/04_066.png,066,0,test
test/066/09_066.png,066,0,test
test/066/02_066.png,066,0,test
test/066/08_066.png,066,0,test
test/066/01_066.png,066,0,test
test/066/12_066.png,066,0,test
test/066/03_066.png,066,0,test
test/066/07_066.png,066,0,test
test/066/11_066.png,066,0,test
test/066/05_066.png,066,0,test
test/066/06_066.png,066,0,test
test/060_forg/02_0111060.PNG,060,1,test
test/060_forg/04_0111060.PNG,060,1,test
test/060_forg/02_0121060.PNG,060,1,test
test/060_forg/04_0126060.PNG,060,1,test
test/060_forg/02_0126060.PNG,060,1,test
test/060_forg/04_0121060.PNG,060,1,test
test/060_forg/01_0121060.PNG,060,1,test
test/060_forg/01_0111060.PNG,060,1,test
test/060_forg/03_0126060.PNG,060,1,test
test/060_forg/03_0121060.PNG,060,1,test
test/060_forg/01_0126060.PNG,060,1,test
test/060_forg/03_0111060.PNG,060,1,test
test/054/12_054.png,054,0,test
test/054/01_054.png,054,0,test
test/054/04_054.png,054,0,test
test/054/10_054.png,054,0,test
test/054/05_054.png,054,0,test
test/054/09_054.png,054,0,test
test/054/06_054.png,054,0,test
test/054/03_054.png,054,0,test
test/054/07_054.png,054,0,test
test/054/02_054.png,054,0,test
test/054/11_054.png,054,0,test
test/054/08_054.png,054,0,test
test/068_forg/01_0113068.PNG,068,1,test
test/068_forg/02_0124068.PNG,068,1,test
test/068_forg/04_0113068.PNG,068,1,test
test/068_forg/02_0113068.PNG,068,1,test
test/068_forg/03_0124068.PNG,068,1,test
test/068_forg/04_0124068.PNG,068,1,test
test/068_forg/03_0113068.PNG,068,1,test
test/068_forg/01_0124068.PNG,068,1,test
test/055_forg/02_0202055.PNG,055,1,test
test/055_forg/02_0118055.PNG,055,1,test
test/055_forg/01_0120055.PNG,055,1,test
test/055_forg/04_0118055.PNG,055,1,test
test/055_forg/01_0202055.PNG,055,1,test
test/055_forg/03_0202055.PNG,055,1,test
test/055_forg/01_0118055.PNG,055,1,test
test/055_forg/02_0120055.PNG,055,1,test
test/055_forg/04_0120055.PNG,055,1,test
test/055_forg/03_0118055.PNG,055,1,test
test/055_forg/04_0202055.PNG,055,1,test
test/055_forg/03_0120055.PNG,055,1,test
